
INSERT INTO `benutzer` (`benutzer_id`, `name`, `anmeldename`, `telefonnr`) VALUES
(1, 'Alsakka', 'mnour',34534534),
(2, 'mnour', 'mnour', 456123),
(3, 'Maher', 'user2', 123123),
(4, 'No Name', 'user3', 0045611);

INSERT INTO `hersteller` (`hersteller_id`, `name`) VALUES
(1, 'Hans Turck GmbH'),
(2, 'SAB '),
(3, 'STS');

INSERT INTO `sensors` (`sensor_id`, `serverschrank`, `adresse`, `hersteller_id`, `max_temp`) VALUES
(1, 1, 'Regal-2', 3, 1),
(2, 1, 'Regal-5', 2, 2),
(3, 1, 'Regal-5', 1, 1),
(4, 1, 'Regal-4', 1, 2),
(5, 1, 'Regel-6', 2, 3);

INSERT INTO `temperaturen` (`temperatur_id`, `sensor_id`, `datum`, `temperatur`) VALUES
(1, 1, '2020-03-28 15:19:04', 50.5),
(2, 2, '2020-03-28 16:44:51', 78),
(3, 2, '2020-03-28 16:44:51', 62),
(4, 1, '2020-03-28 16:44:51', 92),
(5, 2, '2020-03-28 16:44:52', 93),
(6, 2, '2020-03-28 16:44:52', 58),
(7, 2, '2020-03-28 16:44:57', 54),
(8, 1, '2020-03-28 16:44:57', 57),
(9, 2, '2020-03-28 16:44:57', 53),
(99, 2, '2020-03-28 16:44:57', 64),
(123, 1, '2020-03-28 16:44:57', 90),
(139, 1, '2020-03-28 16:44:57', 35),
(140, 2, '2020-03-28 16:44:57', 82),
(141, 2, '2020-03-28 16:44:57', 28),
(142, 1, '2020-03-28 16:44:57', 25),
(143, 1, '2020-03-28 16:44:57', 55),
(144, 1, '2020-03-28 16:44:57', 87),
(145, 1, '2020-03-28 16:44:57', 29),
(146, 1, '2020-03-28 16:44:57', 48),
(147, 2, '2020-03-28 16:44:57', 26),
(148, 2, '2020-03-28 16:44:57', 27),
(149, 2, '2020-03-28 16:44:57', 34),
(150, 4, '2020-03-28 16:44:57', 58),
(151, 2, '2020-03-28 16:44:57', 99),
(152, 1, '2020-03-28 16:44:57', 20),
(153, 1, '2020-03-28 16:44:57', 29),
(154,3, '2020-03-28 16:44:57', 57),
(155, 1, '2020-03-28 16:44:57', 89),
(156, 1, '2020-03-28 16:44:57', 66),
(157, 2, '2020-03-28 16:44:57', 90),
(158, 3, '2020-03-28 16:46:19', 77),
(159, 2, '2020-03-28 16:46:19', 99),
(160, 3, '2020-03-28 16:46:19', 50),
(161, 2, '2020-03-28 16:46:19', 52),
(162, 3, '2020-03-28 16:46:19', 89),
(163, 2, '2020-03-28 16:46:19', 58),
(164, 3, '2020-03-28 16:46:19', 77),
(165, 2, '2020-03-28 16:46:19', 77),
(166, 2, '2020-03-28 16:46:19', 37),
(167, 1, '2020-03-28 16:46:19', 76),
(168, 3, '2020-03-28 16:46:19', 73),
(169, 2, '2020-03-28 16:46:19', 84),
(170, 3, '2020-03-28 16:46:19', 72),
(171, 2, '2020-03-28 16:46:19', 68),
(172, 2, '2020-03-28 16:46:19', 86),
(173, 3, '2020-03-28 16:46:19', 72),
(174, 3, '2020-03-28 16:46:19', 58),
(175, 5, '2020-03-28 16:46:19', 71),
(176, 1, '2020-03-28 16:46:19', 85),
(177, 1, '2020-03-28 16:46:19', 93),
(178, 2, '2020-03-28 16:46:19', 50),
(179, 3, '2020-03-28 16:46:19', 30),
(180, 4, '2020-03-28 16:46:19', 76),
(181, 4, '2020-03-28 16:46:19', 67),
(182, 1, '2020-03-28 16:46:19', 92),
(183, 3, '2020-03-28 16:46:19', 44);

INSERT INTO `logs` (`log_id`, `sensor_id`, `benutzer_id`, `datum`, `nachricht`) VALUES
(1, 1, 1, '2020-03-14 17:46:00', 'Temperaturwert mit ID 129  deleted!'),
(2, 2, 1, '2020-03-12 22:54:00', 'Temperaturwert mit ID 137 deleted !'),
(4, 2, 3, '2020-03-11 05:21:00', 'Sensor mit ID 2  changed!'),
(5, 2, 2, '2020-03-05 22:33:23', 'Sensor mit ID 2  changed!'),
(8, 2, 2, '2020-03-21 19:22:12', 'Neuer Sensor angelegt!'),
(10, 2, 1, '2020-03-22 16:12:00', 'test');
	
	


